
{
	"spawnpoint" : 
	{
		"x" : -126.0873870849609,
		"y" : -72.15289306640625,
		"z" : 0.7202000617980957
	}
}
